{
    "type": "FeatureCollection",
    "generator": "JOSM",
    "features": [
        {
            "type": "Feature",
            "properties": null,
            "geometry": {
                "type": "LineString",
                "coordinates": [
                    [
                        5.60199703217,
                        41.44375607013
                    ],
                    [
                        5.59478725433,
                        41.44530019215
                    ],
                    [
                        5.58998073578,
                        41.44916033645
                    ],
                    [
                        5.58998073578,
                        41.45456415264
                    ],
                    [
                        5.58723415375,
                        41.45945293178
                    ],
                    [
                        5.58071102142,
                        41.46176854065
                    ],
                    [
                        5.57453121185,
                        41.46485589053
                    ],
                    [
                        5.56766475677,
                        41.46691404212
                    ],
                    [
                        5.56114162445,
                        41.46485589053
                    ],
                    [
                        5.55667842865,
                        41.46048210149
                    ],
                    [
                        5.55049861908,
                        41.45790914660
                    ],
                    [
                        5.54431880951,
                        41.45507877832
                    ],
                    [
                        5.53813899994,
                        41.45276293059
                    ],
                    [
                        5.53161586761,
                        41.45096165853
                    ],
                    [
                        5.52680934906,
                        41.45507877832
                    ],
                    [
                        5.52715267181,
                        41.46022481059
                    ],
                    [
                        5.52715267181,
                        41.46562770503
                    ],
                    [
                        5.52543605804,
                        41.47077290026
                    ],
                    [
                        5.51925624847,
                        41.47411705819
                    ],
                    [
                        5.51410640717,
                        41.47771826610
                    ],
                    [
                        5.51135982513,
                        41.48286250174
                    ],
                    [
                        5.51067317963,
                        41.48800632904
                    ],
                    [
                        5.51032985687,
                        41.49340690820
                    ],
                    [
                        5.50861324310,
                        41.49854989835
                    ],
                    [
                        5.50415004730,
                        41.50266399644
                    ],
                    [
                        5.49797023773,
                        41.50574939848
                    ],
                    [
                        5.49282039642,
                        41.50934884839
                    ],
                    [
                        5.48938716888,
                        41.51423349603
                    ],
                    [
                        5.48389400482,
                        41.51783247423
                    ],
                    [
                        5.47840084076,
                        41.52168830023
                    ],
                    [
                        5.47874416351,
                        41.52708607068
                    ],
                    [
                        5.48183406830,
                        41.53196937975
                    ],
                    [
                        5.49007381439,
                        41.54070701281
                    ],
                    [
                        5.48835720062,
                        41.54584624556
                    ],
                    [
                        5.48698390961,
                        41.55098506985
                    ],
                    [
                        5.48217739105,
                        41.55535274934
                    ],
                    [
                        5.47565425873,
                        41.55766493077
                    ],
                    [
                        5.46878780365,
                        41.55894944026
                    ],
                    [
                        5.46226467133,
                        41.56074771067
                    ],
                    [
                        5.45608486176,
                        41.56305969909
                    ],
                    [
                        5.45162166595,
                        41.56742656263
                    ],
                    [
                        5.44475521088,
                        41.56794029188
                    ],
                    [
                        5.44235195160,
                        41.56305969909
                    ],
                    [
                        5.44166530609,
                        41.55792183471
                    ],
                    [
                        5.44200862885,
                        41.55304048519
                    ],
                    [
                        5.43685878754,
                        41.54944346545
                    ],
                    [
                        5.42999233246,
                        41.54995733767
                    ],
                    [
                        5.42690242767,
                        41.55509583518
                    ],
                    [
                        5.42621578217,
                        41.56023392423
                    ],
                    [
                        5.42621578217,
                        41.56562847809
                    ],
                    [
                        5.42518581390,
                        41.57102258159
                    ],
                    [
                        5.41900600433,
                        41.57359104402
                    ],
                    [
                        5.41179622650,
                        41.57513207245
                    ],
                    [
                        5.40492977142,
                        41.57564574042
                    ],
                    [
                        5.39806331635,
                        41.57590257288
                    ],
                    [
                        5.39119686127,
                        41.57590257288
                    ],
                    [
                        5.38398708344,
                        41.57641623472
                    ],
                    [
                        5.37712062836,
                        41.57795719575
                    ],
                    [
                        5.36407436371,
                        41.58206624541
                    ],
                    [
                        5.35720790863,
                        41.58283666312
                    ],
                    [
                        5.35171474457,
                        41.57949812001
                    ],
                    [
                        5.34553493500,
                        41.57641623472
                    ],
                    [
                        5.33969844818,
                        41.57384788464
                    ],
                    [
                        5.32596553802,
                        41.57025202295
                    ],
                    [
                        5.31944240570,
                        41.56819715498
                    ],
                    [
                        5.31223262787,
                        41.56691282930
                    ],
                    [
                        5.30536617279,
                        41.56665596110
                    ],
                    [
                        5.29918636322,
                        41.56948145512
                    ],
                    [
                        5.29300655365,
                        41.57179313104
                    ],
                    [
                        5.28614009857,
                        41.57359104402
                    ],
                    [
                        5.27893032074,
                        41.57384788464
                    ],
                    [
                        5.27172054291,
                        41.57384788464
                    ],
                    [
                        5.26519741058,
                        41.57641623472
                    ],
                    [
                        5.25833095551,
                        41.57847084126
                    ],
                    [
                        5.25386775970,
                        41.58283666312
                    ],
                    [
                        5.24356807709,
                        41.58591824202
                    ],
                    [
                        5.23670162201,
                        41.58822932968
                    ],
                    [
                        5.23017848969,
                        41.59079710783
                    ],
                    [
                        5.22296871185,
                        41.59054033461
                    ],
                    [
                        5.20992244720,
                        41.58643182420
                    ],
                    [
                        5.20271266937,
                        41.58514786108
                    ],
                    [
                        5.19584621429,
                        41.58437747095
                    ],
                    [
                        5.18863643646,
                        41.58386387242
                    ],
                    [
                        5.18176998138,
                        41.58514786108
                    ],
                    [
                        5.17559017181,
                        41.58771576179
                    ],
                    [
                        5.16838039398,
                        41.58848611209
                    ],
                    [
                        5.16151393890,
                        41.58745897631
                    ],
                    [
                        5.15464748383,
                        41.58617503362
                    ],
                    [
                        5.14743770599,
                        41.58463426868
                    ],
                    [
                        5.14057125092,
                        41.58335026981
                    ],
                    [
                        5.13370479584,
                        41.58232305233
                    ],
                    [
                        5.12718166351,
                        41.58052538243
                    ],
                    [
                        5.12683834076,
                        41.57538890695
                    ],
                    [
                        5.12134517670,
                        41.57179313104
                    ],
                    [
                        5.11550868988,
                        41.56845401705
                    ],
                    [
                        5.11035884857,
                        41.56460097874
                    ],
                    [
                        5.10589565277,
                        41.56023392423
                    ],
                    [
                        5.10040248871,
                        41.55663730479
                    ],
                    [
                        5.09422267914,
                        41.55381124910
                    ],
                    [
                        5.08735622406,
                        41.55355432882
                    ],
                    [
                        5.08048976898,
                        41.55406816836
                    ],
                    [
                        5.07327999115,
                        41.55432508660
                    ],
                    [
                        5.06641353607,
                        41.55278356185
                    ],
                    [
                        5.06057704926,
                        41.54944346545
                    ],
                    [
                        5.05645717621,
                        41.54507538668
                    ],
                    [
                        5.04890407562,
                        41.54199185929
                    ],
                    [
                        5.04203762054,
                        41.54122095446
                    ],
                    [
                        5.03517116547,
                        41.53942214080
                    ],
                    [
                        5.02796138763,
                        41.53813724326
                    ],
                    [
                        5.02418483734,
                        41.54250579073
                    ],
                    [
                        5.02796138763,
                        41.54713098992
                    ],
                    [
                        5.03311122894,
                        41.55098506985
                    ],
                    [
                        5.03551448822,
                        41.55586657458
                    ],
                    [
                        5.04032100677,
                        41.55946323691
                    ],
                    [
                        5.04650081635,
                        41.56126149302
                    ],
                    [
                        5.05954708099,
                        41.56537160479
                    ],
                    [
                        5.06641353607,
                        41.56768342777
                    ],
                    [
                        5.07225002289,
                        41.57050887685
                    ],
                    [
                        5.06950344086,
                        41.57538890695
                    ],
                    [
                        5.06229366302,
                        41.57718671983
                    ],
                    [
                        5.05542720795,
                        41.57615940431
                    ],
                    [
                        5.04135097504,
                        41.57359104402
                    ],
                    [
                        5.03448451996,
                        41.57307735970
                    ],
                    [
                        5.02761806488,
                        41.57282051601
                    ],
                    [
                        5.02521480560,
                        41.56794029188
                    ],
                    [
                        5.02246822357,
                        41.56305969909
                    ],
                    [
                        5.01869167328,
                        41.55894944026
                    ],
                    [
                        5.01388515472,
                        41.55509583518
                    ],
                    [
                        5.00804866791,
                        41.55201278569
                    ],
                    [
                        5.00255550385,
                        41.54867264946
                    ],
                    [
                        4.99568904877,
                        41.54790182429
                    ],
                    [
                        4.99088253021,
                        41.55226971210
                    ],
                    [
                        4.98401607513,
                        41.55381124910
                    ],
                    [
                        4.96993984222,
                        41.55278356185
                    ],
                    [
                        4.96444667816,
                        41.54944346545
                    ],
                    [
                        4.95998348236,
                        41.54533234066
                    ],
                    [
                        4.95483364105,
                        41.54147792376
                    ],
                    [
                        4.95037044525,
                        41.53736629249
                    ],
                    [
                        4.94625057220,
                        41.53299739784
                    ],
                    [
                        4.94453395844,
                        41.52811416638
                    ],
                    [
                        4.94178737640,
                        41.52323056631
                    ],
                    [
                        4.93560756683,
                        41.52066010243
                    ],
                    [
                        4.92874111176,
                        41.51886071696
                    ],
                    [
                        4.92393459320,
                        41.51526179594
                    ],
                    [
                        4.92084468842,
                        41.51063431771
                    ],
                    [
                        4.91844142914,
                        41.50600650868
                    ],
                    [
                        4.91294826508,
                        41.50240687296
                    ],
                    [
                        4.90608181000,
                        41.50086411068
                    ],
                    [
                        4.89990200043,
                        41.49880703714
                    ],
                    [
                        4.89406551361,
                        41.49546415326
                    ],
                    [
                        4.88891567230,
                        41.49186393152
                    ],
                    [
                        4.88342250824,
                        41.48877786791
                    ],
                    [
                        4.87861598969,
                        41.48492008166
                    ],
                    [
                        4.87415279388,
                        41.48106206572
                    ],
                    [
                        4.87174953461,
                        41.47617491578
                    ],
                    [
                        4.87243618011,
                        41.47103014930
                    ],
                    [
                        4.87106288910,
                        41.46588497449
                    ],
                    [
                        4.86831630707,
                        41.46125396805
                    ],
                    [
                        4.86419643402,
                        41.45687993606
                    ],
                    [
                        4.86144985199,
                        41.45199096298
                    ],
                    [
                        4.85973323822,
                        41.44684427743
                    ],
                    [
                        4.86041988373,
                        41.44195454799
                    ],
                    [
                        4.85835994720,
                        41.44143981820
                    ],
                    [
                        4.85115016937,
                        41.44298399534
                    ],
                    [
                        4.84531368256,
                        41.44607223939
                    ],
                    [
                        4.83810390472,
                        41.44735896436
                    ],
                    [
                        4.83123744965,
                        41.44761630629
                    ],
                    [
                        4.82437099457,
                        41.44658693244
                    ],
                    [
                        4.81063808441,
                        41.44349871289
                    ],
                    [
                        4.80342830658,
                        41.44246927371
                    ],
                    [
                        4.79656185150,
                        41.44169718360
                    ],
                    [
                        4.79106868744,
                        41.43860873133
                    ],
                    [
                        4.78557552338,
                        41.43500535126
                    ],
                    [
                        4.77905239105,
                        41.43294618711
                    ],
                    [
                        4.77184261322,
                        41.43165917634
                    ],
                    [
                        4.76497615814,
                        41.43114436489
                    ],
                    [
                        4.75810970306,
                        41.43037214006
                    ],
                    [
                        4.76016963959,
                        41.42522373978
                    ],
                    [
                        4.75948299408,
                        41.41466824294
                    ],
                    [
                        4.75982631683,
                        41.40977608950
                    ],
                    [
                        4.76291622162,
                        41.40539858730
                    ],
                    [
                        4.76703609467,
                        41.40153584042
                    ],
                    [
                        4.77287258148,
                        41.39844547760
                    ],
                    [
                        4.77905239105,
                        41.39587006300
                    ],
                    [
                        4.78351558685,
                        41.39226431111
                    ],
                    [
                        4.78042568207,
                        41.38788562921
                    ],
                    [
                        4.77699245453,
                        41.38324905634
                    ],
                    [
                        4.77596248627,
                        41.37835453741
                    ],
                    [
                        4.77664913177,
                        41.37320201427
                    ],
                    [
                        4.78111232758,
                        41.36933735406
                    ],
                    [
                        4.78694881439,
                        41.36650312399
                    ],
                    [
                        4.79312862396,
                        41.36444178821
                    ],
                    [
                        4.79862178802,
                        41.36134966211
                    ],
                    [
                        4.80377162933,
                        41.35799969302
                    ],
                    [
                        4.81475795746,
                        41.35233012175
                    ],
                    [
                        4.81990779877,
                        41.34923742019
                    ],
                    [
                        4.81990779877,
                        41.34408259111
                    ],
                    [
                        4.81544460297,
                        41.33995843400
                    ],
                    [
                        4.80926479340,
                        41.33763848086
                    ],
                    [
                        4.80205501556,
                        41.33686514478
                    ],
                    [
                        4.79518856049,
                        41.33634958229
                    ],
                    [
                        4.78866542816,
                        41.33454508145
                    ],
                    [
                        4.78488887787,
                        41.33042032038
                    ],
                    [
                        4.77802242279,
                        41.32913127898
                    ],
                    [
                        4.77149929047,
                        41.33119373297
                    ],
                    [
                        4.76634944916,
                        41.33480287034
                    ],
                    [
                        4.75398983002,
                        41.34150502352
                    ],
                    [
                        4.74849666595,
                        41.34537133664
                    ],
                    [
                        4.74334682465,
                        41.34923742019
                    ],
                    [
                        4.73751033783,
                        41.35258784025
                    ],
                    [
                        4.73167385101,
                        41.35645349529
                    ],
                    [
                        4.72618068695,
                        41.35980354396
                    ],
                    [
                        4.72034420013,
                        41.36263806584
                    ],
                    [
                        4.71485103607,
                        41.36624546059
                    ],
                    [
                        4.69116176605,
                        41.37886976728
                    ],
                    [
                        4.67948879242,
                        41.38376424743
                    ],
                    [
                        4.67262233734,
                        41.38505220730
                    ],
                    [
                        4.66541255951,
                        41.38659772546
                    ],
                    [
                        4.65820278168,
                        41.38788562921
                    ],
                    [
                        4.65099300385,
                        41.38840078356
                    ],
                    [
                        4.64378322601,
                        41.38865835921
                    ],
                    [
                        4.63657344818,
                        41.38865835921
                    ],
                    [
                        4.62936367035,
                        41.38788562921
                    ],
                    [
                        4.62249721527,
                        41.38762805050
                    ],
                    [
                        4.61528743744,
                        41.38762805050
                    ],
                    [
                        4.60842098236,
                        41.38865835921
                    ],
                    [
                        4.60430110931,
                        41.39303698906
                    ],
                    [
                        4.59743465424,
                        41.39483986858
                    ],
                    [
                        4.59331478119,
                        41.39046136016
                    ],
                    [
                        4.59400142670,
                        41.38530979621
                    ],
                    [
                        4.59434474945,
                        41.38015782408
                    ],
                    [
                        4.60086788177,
                        41.37809692095
                    ],
                    [
                        4.60773433685,
                        41.37809692095
                    ],
                    [
                        4.61425746918,
                        41.37732406544
                    ],
                    [
                        4.61219753265,
                        41.37217146066
                    ],
                    [
                        4.60636104584,
                        41.36882204868
                    ],
                    [
                        4.59983791351,
                        41.36624546059
                    ],
                    [
                        4.58885158539,
                        41.35954585403
                    ],
                    [
                        4.59297145844,
                        41.35516496911
                    ],
                    [
                        4.59880794525,
                        41.35207240223
                    ],
                    [
                        4.60533107758,
                        41.35439184117
                    ],
                    [
                        4.60979427338,
                        41.35825738907
                    ],
                    [
                        4.61563076019,
                        41.36083429347
                    ],
                    [
                        4.62181056976,
                        41.36263806584
                    ],
                    [
                        4.63554347992,
                        41.36521479678
                    ],
                    [
                        4.64206661224,
                        41.36547246426
                    ],
                    [
                        4.64893306732,
                        41.36418411665
                    ],
                    [
                        4.65442623138,
                        41.36134966211
                    ],
                    [
                        4.66060604095,
                        41.35851508410
                    ],
                    [
                        4.66644252777,
                        41.35568038264
                    ],
                    [
                        4.67159236908,
                        41.35233012175
                    ],
                    [
                        4.67674221039,
                        41.34923742019
                    ],
                    [
                        4.68257869720,
                        41.34691779761
                    ],
                    [
                        4.68841518402,
                        41.34382483894
                    ],
                    [
                        4.69459499359,
                        41.34124726115
                    ],
                    [
                        4.70043148041,
                        41.33892735392
                    ],
                    [
                        4.70592464447,
                        41.33609179952
                    ],
                    [
                        4.71004451752,
                        41.33196713639
                    ],
                    [
                        4.71038784027,
                        41.32681094020
                    ],
                    [
                        4.71313442230,
                        41.31933373091
                    ],
                    [
                        4.71588100433,
                        41.31469227293
                    ],
                    [
                        4.71897090912,
                        41.31005048443
                    ],
                    [
                        4.71862758636,
                        41.30489255402
                    ],
                    [
                        4.72068752289,
                        41.29973421559
                    ],
                    [
                        4.72618068695,
                        41.29663901668
                    ],
                    [
                        4.73236049652,
                        41.29483341615
                    ],
                    [
                        4.73888362885,
                        41.29354367088
                    ],
                    [
                        4.74506343842,
                        41.29173798467
                    ],
                    [
                        4.75089992523,
                        41.28890037678
                    ],
                    [
                        4.74746669769,
                        41.28425675221
                    ],
                    [
                        4.74197353363,
                        41.28090281782
                    ],
                    [
                        4.73682369232,
                        41.27703267934
                    ],
                    [
                        4.74025691986,
                        41.26671118813
                    ],
                    [
                        4.74128688812,
                        41.26180790815
                    ],
                    [
                        4.74266017914,
                        41.25690426000
                    ],
                    [
                        4.73785366058,
                        41.25303269876
                    ],
                    [
                        4.73098720551,
                        41.25354892019
                    ],
                    [
                        4.72412075043,
                        41.25509755998
                    ],
                    [
                        4.71725429535,
                        41.25690426000
                    ],
                    [
                        4.71107448578,
                        41.25922708660
                    ],
                    [
                        4.70489467621,
                        41.26206598470
                    ],
                    [
                        4.69871486664,
                        41.26464669407
                    ],
                    [
                        4.69219173431,
                        41.26748535658
                    ],
                    [
                        4.68532527924,
                        41.26903366593
                    ],
                    [
                        4.67811550140,
                        41.26954976089
                    ],
                    [
                        4.67090572357,
                        41.26954976089
                    ],
                    [
                        4.67365230560,
                        41.26490475939
                    ],
                    [
                        4.66781581879,
                        41.26154983058
                    ],
                    [
                        4.66266597748,
                        41.25819472942
                    ],
                    [
                        4.66369594574,
                        41.25303269876
                    ],
                    [
                        4.65614284515,
                        41.24425631046
                    ],
                    [
                        4.65202297211,
                        41.23986767422
                    ],
                    [
                        4.64824642181,
                        41.23522056169
                    ],
                    [
                        4.64687313080,
                        41.23005671581
                    ],
                    [
                        4.65373958588,
                        41.22876569061
                    ],
                    [
                        4.66747249603,
                        41.22928210375
                    ],
                    [
                        4.68154872894,
                        41.22928210375
                    ],
                    [
                        4.69528163910,
                        41.23083131870
                    ],
                    [
                        4.70180477142,
                        41.23212230311
                    ],
                    [
                        4.70798458099,
                        41.23522056169
                    ],
                    [
                        4.71244777679,
                        41.23935134470
                    ],
                    [
                        4.71931423187,
                        41.23935134470
                    ],
                    [
                        4.72515071869,
                        41.23676963591
                    ],
                    [
                        4.73030056000,
                        41.23315507229
                    ],
                    [
                        4.73236049652,
                        41.22799106326
                    ],
                    [
                        4.73236049652,
                        41.22282664634
                    ],
                    [
                        4.73510707855,
                        41.21817832239
                    ],
                    [
                        4.74025691986,
                        41.21507925621
                    ],
                    [
                        4.74369014740,
                        41.21068866111
                    ],
                    [
                        4.74300350189,
                        41.20552287786
                    ],
                    [
                        4.74266017914,
                        41.20009836650
                    ],
                    [
                        4.74334682465,
                        41.19002308108
                    ],
                    [
                        4.73991359711,
                        41.18433890263
                    ],
                    [
                        4.74369014740,
                        41.18020464473
                    ],
                    [
                        4.74437679291,
                        41.16986785819
                    ],
                    [
                        4.74952663422,
                        41.16624959755
                    ],
                    [
                        4.75604976654,
                        41.16444039230
                    ],
                    [
                        4.75845302582,
                        41.15952944055
                    ],
                    [
                        4.75879634857,
                        41.15435962009
                    ],
                    [
                        4.76257289886,
                        41.14996495211
                    ],
                    [
                        4.76600612640,
                        41.14556998955
                    ],
                    [
                        4.76909603119,
                        41.14091617868
                    ],
                    [
                        4.76428951263,
                        41.13729631969
                    ],
                    [
                        4.75742305756,
                        41.13600346449
                    ],
                    [
                        4.75055660248,
                        41.13496916199
                    ],
                    [
                        4.74437679291,
                        41.13264192172
                    ],
                    [
                        4.73888362885,
                        41.12953880627
                    ],
                    [
                        4.73682369232,
                        41.12436662104
                    ],
                    [
                        4.73064388275,
                        41.12203900468
                    ],
                    [
                        4.72412075043,
                        41.12410800108
                    ],
                    [
                        4.71725429535,
                        41.12617693225
                    ],
                    [
                        4.70386470795,
                        41.12979740483
                    ],
                    [
                        4.69699825287,
                        41.13057319440
                    ],
                    [
                        4.68978847504,
                        41.12953880627
                    ],
                    [
                        4.68360866547,
                        41.12721137337
                    ],
                    [
                        4.67674221039,
                        41.12772858782
                    ],
                    [
                        4.67021907806,
                        41.12979740483
                    ],
                    [
                        4.66506923676,
                        41.13367626092
                    ],
                    [
                        4.66129268646,
                        41.13807202058
                    ],
                    [
                        4.65545619965,
                        41.14117473240
                    ],
                    [
                        4.64927639008,
                        41.14376021345
                    ],
                    [
                        4.64309658051,
                        41.14686265617
                    ],
                    [
                        4.63691677094,
                        41.14918939189
                    ],
                    [
                        4.63005031586,
                        41.15074050316
                    ],
                    [
                        4.62318386078,
                        41.15099901814
                    ],
                    [
                        4.61597408295,
                        41.14996495211
                    ],
                    [
                        4.60945095062,
                        41.14841382249
                    ],
                    [
                        4.60224117279,
                        41.14815529732
                    ],
                    [
                        4.59537471771,
                        41.14918939189
                    ],
                    [
                        4.58953823090,
                        41.15229157774
                    ],
                    [
                        4.59159816742,
                        41.15746156129
                    ],
                    [
                        4.59159816742,
                        41.16263113710
                    ],
                    [
                        4.58953823090,
                        41.16780030514
                    ],
                    [
                        4.58267177582,
                        41.16805875284
                    ],
                    [
                        4.57580532074,
                        41.16935097604
                    ],
                    [
                        4.57065547943,
                        41.17296906542
                    ],
                    [
                        4.56447566986,
                        41.17529487451
                    ],
                    [
                        4.56790889740,
                        41.17968784415
                    ],
                    [
                        4.57443202972,
                        41.18201341468
                    ],
                    [
                        4.58095516205,
                        41.18382213466
                    ],
                    [
                        4.58747829437,
                        41.18614755839
                    ],
                    [
                        4.59262813568,
                        41.18950635797
                    ],
                    [
                        4.59949459076,
                        41.19105651505
                    ],
                    [
                        4.60601772308,
                        41.19183157983
                    ],
                    [
                        4.61322750092,
                        41.19183157983
                    ],
                    [
                        4.62661708832,
                        41.19028144110
                    ],
                    [
                        4.63314022064,
                        41.18976472003
                    ],
                    [
                        4.63966335297,
                        41.19028144110
                    ],
                    [
                        4.64618648529,
                        41.19208993272
                    ],
                    [
                        4.65167964935,
                        41.19544842746
                    ],
                    [
                        4.65545619965,
                        41.19984004522
                    ],
                    [
                        4.66026271820,
                        41.20371475736
                    ],
                    [
                        4.66403926849,
                        41.20810582047
                    ],
                    [
                        4.65236629486,
                        41.21430446672
                    ],
                    [
                        4.64687313080,
                        41.21766182155
                    ],
                    [
                        4.64206661224,
                        41.22179371401
                    ],
                    [
                        4.63760341644,
                        41.22592534544
                    ],
                    [
                        4.63142360687,
                        41.22850748251
                    ],
                    [
                        4.62524379730,
                        41.23083131870
                    ],
                    [
                        4.62078060150,
                        41.23496237908
                    ],
                    [
                        4.62146724701,
                        41.24012583745
                    ],
                    [
                        4.62490047455,
                        41.24451445635
                    ],
                    [
                        4.62936367035,
                        41.24890278053
                    ],
                    [
                        4.63039363861,
                        41.25406513753
                    ],
                    [
                        4.62833370209,
                        41.25922708660
                    ],
                    [
                        4.63348354340,
                        41.26258213473
                    ],
                    [
                        4.63966335297,
                        41.26516282370
                    ],
                    [
                        4.64549983978,
                        41.26825951584
                    ],
                    [
                        4.65202297211,
                        41.27032389568
                    ],
                    [
                        4.64584316254,
                        41.27316231137
                    ],
                    [
                        4.63966335297,
                        41.27625862411
                    ],
                    [
                        4.63451351166,
                        41.28012880849
                    ],
                    [
                        4.62902034760,
                        41.28348278265
                    ],
                    [
                        4.62318386078,
                        41.28657860581
                    ],
                    [
                        4.61666072845,
                        41.28915834624
                    ],
                    [
                        4.60945095062,
                        41.29070614154
                    ],
                    [
                        4.60224117279,
                        41.29122206514
                    ],
                    [
                        4.59537471771,
                        41.29276981148
                    ],
                    [
                        4.58507503510,
                        41.29638107680
                    ],
                    [
                        4.58095516205,
                        41.30102383845
                    ],
                    [
                        4.58267177582,
                        41.30618207488
                    ],
                    [
                        4.58782161713,
                        41.30979259760
                    ],
                    [
                        4.58919490814,
                        41.31520800680
                    ],
                    [
                        4.58473171234,
                        41.31933373091
                    ],
                    [
                        4.58061183929,
                        41.32397485836
                    ],
                    [
                        4.57855190277,
                        41.32938908930
                    ],
                    [
                        4.57752193451,
                        41.33454508145
                    ],
                    [
                        4.57717861176,
                        41.33995843400
                    ],
                    [
                        4.58129848480,
                        41.34408259111
                    ],
                    [
                        4.58370174408,
                        41.34897968843
                    ],
                    [
                        4.58267177582,
                        41.35413412981
                    ],
                    [
                        4.57992519379,
                        41.35903047111
                    ],
                    [
                        4.57752193451,
                        41.36392644407
                    ],
                    [
                        4.57786525726,
                        41.36907970188
                    ],
                    [
                        4.58198513031,
                        41.37320201427
                    ],
                    [
                        4.58198513031,
                        41.37886976728
                    ],
                    [
                        4.57752193451,
                        41.38350665239
                    ],
                    [
                        4.57168544769,
                        41.38634014165
                    ],
                    [
                        4.56550563812,
                        41.38865835921
                    ],
                    [
                        4.55966915131,
                        41.39200674975
                    ],
                    [
                        4.55348934174,
                        41.39509741871
                    ],
                    [
                        4.55005611420,
                        41.39999067738
                    ],
                    [
                        4.54730953217,
                        41.40488356765
                    ],
                    [
                        4.54147304535,
                        41.40823112240
                    ],
                    [
                        4.53426326752,
                        41.40823112240
                    ],
                    [
                        4.52705348969,
                        41.40848861947
                    ],
                    [
                        4.52087368011,
                        41.40565609559
                    ],
                    [
                        4.51366390228,
                        41.40617110912
                    ],
                    [
                        4.51332057953,
                        41.41286591348
                    ],
                    [
                        4.51709712982,
                        41.41724291256
                    ],
                    [
                        4.52259029388,
                        41.42058983048
                    ],
                    [
                        4.52430690765,
                        41.42573859818
                    ],
                    [
                        4.52533687592,
                        41.43114436489
                    ],
                    [
                        4.52739681244,
                        41.43629229568
                    ],
                    [
                        4.52739681244,
                        41.44169718360
                    ],
                    [
                        4.52705348969,
                        41.44710162141
                    ],
                    [
                        4.53014339447,
                        41.45199096298
                    ],
                    [
                        4.53048671722,
                        41.45713724023
                    ],
                    [
                        4.52911342621,
                        41.46228310917
                    ],
                    [
                        4.52671016693,
                        41.46717130647
                    ],
                    [
                        4.52842678070,
                        41.47205913526
                    ],
                    [
                        4.53529323578,
                        41.47257362212
                    ],
                    [
                        4.54147304535,
                        41.47051565019
                    ],
                    [
                        4.54799617767,
                        41.46845761294
                    ],
                    [
                        4.55451931000,
                        41.46845761294
                    ],
                    [
                        4.56138576508,
                        41.46897212837
                    ],
                    [
                        4.56790889740,
                        41.46768583212
                    ],
                    [
                        4.57202877045,
                        41.46356951261
                    ],
                    [
                        4.56996883392,
                        41.45842374574
                    ],
                    [
                        4.57546199799,
                        41.45533608963
                    ],
                    [
                        4.58267177582,
                        41.45379220646
                    ],
                    [
                        4.59606136322,
                        41.45121898617
                    ],
                    [
                        4.60292781830,
                        41.45147631280
                    ],
                    [
                        4.60910762787,
                        41.45379220646
                    ],
                    [
                        4.61528743744,
                        41.45199096298
                    ],
                    [
                        4.62009395599,
                        41.44813098710
                    ],
                    [
                        4.62284053802,
                        41.44324135462
                    ],
                    [
                        4.62696041107,
                        41.43886610797
                    ],
                    [
                        4.63211025238,
                        41.43526274218
                    ],
                    [
                        4.63485683441,
                        41.43037214006
                    ],
                    [
                        4.63382686615,
                        41.42522373978
                    ],
                    [
                        4.63760341644,
                        41.42110472562
                    ],
                    [
                        4.64412654877,
                        41.41930257477
                    ],
                    [
                        4.65064968109,
                        41.41827275183
                    ],
                    [
                        4.65682949066,
                        41.41647052239
                    ],
                    [
                        4.66129268646,
                        41.41260843376
                    ],
                    [
                        4.66815914154,
                        41.41312339218
                    ],
                    [
                        4.67262233734,
                        41.41724291256
                    ],
                    [
                        4.67536891937,
                        41.42187706068
                    ],
                    [
                        4.68086208344,
                        41.42470887730
                    ],
                    [
                        4.68738521576,
                        41.42573859818
                    ],
                    [
                        4.69425167084,
                        41.42625345250
                    ],
                    [
                        4.70111812592,
                        41.42625345250
                    ],
                    [
                        4.70764125824,
                        41.42728314888
                    ],
                    [
                        4.71450771332,
                        41.42857024640
                    ],
                    [
                        4.72137416840,
                        41.42959990605
                    ],
                    [
                        4.72824062347,
                        41.42908507827
                    ],
                    [
                        4.73510707855,
                        41.42882766285
                    ],
                    [
                        4.74128688812,
                        41.43088695764
                    ],
                    [
                        4.74678005219,
                        41.43449056634
                    ],
                    [
                        4.74952663422,
                        41.43938085818
                    ],
                    [
                        4.74883998871,
                        41.44993233775
                    ],
                    [
                        4.75021327972,
                        41.45533608963
                    ],
                    [
                        4.75467647552,
                        41.45945293178
                    ],
                    [
                        4.76016963959,
                        41.46305495430
                    ],
                    [
                        4.76291622162,
                        41.46768583212
                    ],
                    [
                        4.76085628510,
                        41.47308810489
                    ],
                    [
                        4.75742305756,
                        41.47797548758
                    ],
                    [
                        4.75467647552,
                        41.48286250174
                    ],
                    [
                        4.75330318451,
                        41.49340690820
                    ],
                    [
                        4.75639308929,
                        41.49803561771
                    ],
                    [
                        4.76291622162,
                        41.49880703714
                    ],
                    [
                        4.76978267670,
                        41.49906417490
                    ],
                    [
                        4.77630580902,
                        41.50009271576
                    ],
                    [
                        4.78248561859,
                        41.50240687296
                    ],
                    [
                        4.78935207367,
                        41.50343536073
                    ],
                    [
                        4.79587520599,
                        41.50472094747
                    ],
                    [
                        4.80274166107,
                        41.50549228726
                    ],
                    [
                        4.80651821136,
                        41.51012013304
                    ],
                    [
                        4.80548824310,
                        41.51526179594
                    ],
                    [
                        4.80068172455,
                        41.51937483220
                    ],
                    [
                        4.79484523773,
                        41.52220239301
                    ],
                    [
                        4.78832210541,
                        41.52400168556
                    ],
                    [
                        4.78179897308,
                        41.52631498819
                    ],
                    [
                        4.78385890961,
                        41.53145536457
                    ],
                    [
                        4.79038204193,
                        41.53351140077
                    ],
                    [
                        4.79724849701,
                        41.53274039485
                    ],
                    [
                        4.80342830658,
                        41.53505338502
                    ],
                    [
                        4.80514492035,
                        41.54019306707
                    ],
                    [
                        4.79965175629,
                        41.54353364137
                    ],
                    [
                        4.80514492035,
                        41.54713098992
                    ],
                    [
                        4.80926479340,
                        41.55175585826
                    ],
                    [
                        4.81338466644,
                        41.55586657458
                    ],
                    [
                        4.81544460297,
                        41.55920633910
                    ],
                    [
                        4.81990779877,
                        41.56331658158
                    ],
                    [
                        4.81750453949,
                        41.56819715498
                    ],
                    [
                        4.81098140717,
                        41.57076572974
                    ],
                    [
                        4.80583156586,
                        41.57461840039
                    ],
                    [
                        4.80239833832,
                        41.57949812001
                    ],
                    [
                        4.79965175629,
                        41.58437747095
                    ],
                    [
                        4.79656185150,
                        41.58925645319
                    ],
                    [
                        4.79278530121,
                        41.59387830679
                    ],
                    [
                        4.79312862396,
                        41.59927005108
                    ],
                    [
                        4.79965175629,
                        41.60132393043
                    ],
                    [
                        4.80651821136,
                        41.60158066075
                    ],
                    [
                        4.81338466644,
                        41.60004026350
                    ],
                    [
                        4.81990779877,
                        41.59798634330
                    ],
                    [
                        4.83055080414,
                        41.59156742136
                    ],
                    [
                        4.83741725922,
                        41.59131065120
                    ],
                    [
                        4.84428371429,
                        41.59131065120
                    ],
                    [
                        4.85080684662,
                        41.59079710783
                    ],
                    [
                        4.85732997894,
                        41.58977000882
                    ],
                    [
                        4.86385311127,
                        41.58822932968
                    ],
                    [
                        4.87003292084,
                        41.58566144939
                    ],
                    [
                        4.87586940765,
                        41.58257985824
                    ],
                    [
                        4.88170589447,
                        41.58001175326
                    ],
                    [
                        4.88857234955,
                        41.57847084126
                    ],
                    [
                        4.89543880463,
                        41.57770037147
                    ],
                    [
                        4.90230525970,
                        41.57718671983
                    ],
                    [
                        4.91569484711,
                        41.57667306411
                    ],
                    [
                        4.92908443451,
                        41.57667306411
                    ],
                    [
                        4.92977108002,
                        41.58206624541
                    ],
                    [
                        4.92427791595,
                        41.58566144939
                    ],
                    [
                        4.91706813812,
                        41.58566144939
                    ],
                    [
                        4.90985836029,
                        41.58668861376
                    ],
                    [
                        4.90539516449,
                        41.59079710783
                    ],
                    [
                        4.89921535492,
                        41.59387830679
                    ],
                    [
                        4.89372219086,
                        41.59747285303
                    ],
                    [
                        4.88891567230,
                        41.60132393043
                    ],
                    [
                        4.88754238129,
                        41.60645834281
                    ],
                    [
                        4.88307918549,
                        41.61056557854
                    ],
                    [
                        4.88033260345,
                        41.61544258136
                    ],
                    [
                        4.87792934418,
                        41.62057587016
                    ],
                    [
                        4.87415279388,
                        41.62493884440
                    ],
                    [
                        4.86865962982,
                        41.62827503727
                    ],
                    [
                        4.86213649750,
                        41.63032799324
                    ],
                    [
                        4.85527004242,
                        41.63135444670
                    ],
                    [
                        4.84840358734,
                        41.63161105752
                    ],
                    [
                        4.84119380951,
                        41.63315070094
                    ],
                    [
                        4.82540096283,
                        41.64418373596
                    ],
                    [
                        4.81819118500,
                        41.64597963265
                    ],
                    [
                        4.81132472992,
                        41.64751893284
                    ],
                    [
                        4.80411495209,
                        41.64828856914
                    ],
                    [
                        4.79724849701,
                        41.64957127588
                    ],
                    [
                        4.78488887787,
                        41.65521488210
                    ],
                    [
                        4.77802242279,
                        41.65701047130
                    ],
                    [
                        4.77081264496,
                        41.65752348759
                    ],
                    [
                        4.76772274017,
                        41.65316271887
                    ],
                    [
                        4.76840938568,
                        41.64803202473
                    ],
                    [
                        4.76978267670,
                        41.64315748680
                    ],
                    [
                        4.76634944916,
                        41.63853916332
                    ],
                    [
                        4.76463283539,
                        41.63366390724
                    ],
                    [
                        4.75810970306,
                        41.63186766731
                    ],
                    [
                        4.75089992523,
                        41.63161105752
                    ],
                    [
                        4.74609340668,
                        41.62801841318
                    ],
                    [
                        4.74369014740,
                        41.62314236135
                    ],
                    [
                        4.74025691986,
                        41.61877926556
                    ],
                    [
                        4.73716701508,
                        41.61390251504
                    ],
                    [
                        4.73579372406,
                        41.60902539578
                    ],
                    [
                        4.73167385101,
                        41.59875657103
                    ],
                    [
                        4.72824062347,
                        41.59413506674
                    ],
                    [
                        4.72446407318,
                        41.58977000882
                    ],
                    [
                        4.71759761810,
                        41.59105388003
                    ],
                    [
                        4.71244777679,
                        41.59464858356
                    ],
                    [
                        4.70867122650,
                        41.59927005108
                    ],
                    [
                        4.70420803070,
                        41.60363446656
                    ],
                    [
                        4.69905818939,
                        41.60748517625
                    ],
                    [
                        4.69356502533,
                        41.61133565613
                    ],
                    [
                        4.68669857025,
                        41.61313246809
                    ],
                    [
                        4.67983211517,
                        41.61415919531
                    ],
                    [
                        4.67777217865,
                        41.61929258627
                    ],
                    [
                        4.68223537445,
                        41.62339900485
                    ],
                    [
                        4.68566860199,
                        41.62776178807
                    ],
                    [
                        4.68395198822,
                        41.63315070094
                    ],
                    [
                        4.66335262299,
                        41.63853916332
                    ],
                    [
                        4.65614284515,
                        41.63905232672
                    ],
                    [
                        4.64927639008,
                        41.63930890688
                    ],
                    [
                        4.64412654877,
                        41.63546009712
                    ],
                    [
                        4.63966335297,
                        41.63161105752
                    ],
                    [
                        4.63348354340,
                        41.62904490342
                    ],
                    [
                        4.62661708832,
                        41.62853166035
                    ],
                    [
                        4.61906398773,
                        41.62853166035
                    ],
                    [
                        4.61185420990,
                        41.62776178807
                    ],
                    [
                        4.60533107758,
                        41.62596538367
                    ],
                    [
                        4.59846462250,
                        41.62365564733
                    ],
                    [
                        4.59228481293,
                        41.62108917657
                    ],
                    [
                        4.58507503510,
                        41.62031921543
                    ],
                    [
                        4.57820858002,
                        41.62057587016
                    ],
                    [
                        4.57099880219,
                        41.62185912852
                    ],
                    [
                        4.56481899261,
                        41.62493884440
                    ],
                    [
                        4.55795253754,
                        41.62570875039
                    ],
                    [
                        4.55142940521,
                        41.62416892922
                    ],
                    [
                        4.54524959564,
                        41.62211577713
                    ],
                    [
                        4.53838314056,
                        41.62057587016
                    ],
                    [
                        4.53117336273,
                        41.62057587016
                    ],
                    [
                        4.52396358490,
                        41.62031921543
                    ],
                    [
                        4.51675380707,
                        41.61929258627
                    ],
                    [
                        4.50954402924,
                        41.61749594591
                    ],
                    [
                        4.50267757416,
                        41.61646927180
                    ],
                    [
                        4.49615444183,
                        41.61441587456
                    ],
                    [
                        4.50096096039,
                        41.61056557854
                    ],
                    [
                        4.50748409271,
                        41.60876869508
                    ],
                    [
                        4.51263393402,
                        41.60568820700
                    ],
                    [
                        4.51915706635,
                        41.60414790780
                    ],
                    [
                        4.52568019867,
                        41.60286429704
                    ],
                    [
                        4.53220333099,
                        41.60106719909
                    ],
                    [
                        4.53700984955,
                        41.59721610637
                    ],
                    [
                        4.54078639984,
                        41.59285125681
                    ],
                    [
                        4.54593624115,
                        41.58925645319
                    ],
                    [
                        4.55898250580,
                        41.58668861376
                    ],
                    [
                        4.56584896088,
                        41.58514786108
                    ],
                    [
                        4.57202877045,
                        41.58309346697
                    ],
                    [
                        4.57683528900,
                        41.58720218982
                    ],
                    [
                        4.57923854828,
                        41.59208095860
                    ],
                    [
                        4.58095516205,
                        41.59721610637
                    ],
                    [
                        4.58061183929,
                        41.60235084559
                    ],
                    [
                        4.57374538422,
                        41.60286429704
                    ],
                    [
                        4.56653560638,
                        41.60414790780
                    ],
                    [
                        4.56378902435,
                        41.60928209546
                    ],
                    [
                        4.57031215668,
                        41.61133565613
                    ],
                    [
                        4.58370174408,
                        41.61236241195
                    ],
                    [
                        4.59022487640,
                        41.61313246809
                    ],
                    [
                        4.59606136322,
                        41.61544258136
                    ],
                    [
                        4.60224117279,
                        41.61800927683
                    ],
                    [
                        4.60910762787,
                        41.61852260367
                    ],
                    [
                        4.61597408295,
                        41.61800927683
                    ],
                    [
                        4.62318386078,
                        41.61800927683
                    ],
                    [
                        4.62696041107,
                        41.61364583375
                    ],
                    [
                        4.62902034760,
                        41.60876869508
                    ],
                    [
                        4.63211025238,
                        41.60440462688
                    ],
                    [
                        4.63726009369,
                        41.60055373334
                    ],
                    [
                        4.64309658051,
                        41.59824308690
                    ],
                    [
                        4.64996303558,
                        41.59670260998
                    ],
                    [
                        4.65579952240,
                        41.59439182566
                    ],
                    [
                        4.66232265472,
                        41.59285125681
                    ],
                    [
                        4.66609920502,
                        41.58848611209
                    ],
                    [
                        4.66953243256,
                        41.58386387242
                    ],
                    [
                        4.67468227386,
                        41.58052538243
                    ],
                    [
                        4.68086208344,
                        41.57795719575
                    ],
                    [
                        4.68704189301,
                        41.57564574042
                    ],
                    [
                        4.68566860199,
                        41.57050887685
                    ],
                    [
                        4.67948879242,
                        41.56794029188
                    ],
                    [
                        4.67227901459,
                        41.56922459713
                    ],
                    [
                        4.66541255951,
                        41.57127943243
                    ],
                    [
                        4.65888942719,
                        41.57307735970
                    ],
                    [
                        4.65373958588,
                        41.56948145512
                    ],
                    [
                        4.65545619965,
                        41.56460097874
                    ],
                    [
                        4.66094936371,
                        41.56126149302
                    ],
                    [
                        4.66747249603,
                        41.55946323691
                    ],
                    [
                        4.67262233734,
                        41.55586657458
                    ],
                    [
                        4.67193569183,
                        41.55072813833
                    ],
                    [
                        4.67399562836,
                        41.54610319647
                    ],
                    [
                        4.67983211517,
                        41.54353364137
                    ],
                    [
                        4.68669857025,
                        41.54276275492
                    ],
                    [
                        4.69356502533,
                        41.54224882552
                    ],
                    [
                        4.70008815765,
                        41.54096398415
                    ],
                    [
                        4.70626796722,
                        41.53865120534
                    ],
                    [
                        4.70798458099,
                        41.53376840069
                    ],
                    [
                        4.71004451752,
                        41.52862820810
                    ],
                    [
                        4.71176113129,
                        41.52348760708
                    ],
                    [
                        4.70661128998,
                        41.51963188829
                    ],
                    [
                        4.70317806244,
                        41.51500472249
                    ],
                    [
                        4.70180477142,
                        41.50986303918
                    ],
                    [
                        4.69768489838,
                        41.50549228726
                    ],
                    [
                        4.69425167084,
                        41.50112124028
                    ],
                    [
                        4.69356502533,
                        41.49597845432
                    ],
                    [
                        4.69253505707,
                        41.49083525998
                    ],
                    [
                        4.68566860199,
                        41.49134959779
                    ],
                    [
                        4.67948879242,
                        41.49469269402
                    ],
                    [
                        4.67365230560,
                        41.49803561771
                    ],
                    [
                        4.66712917328,
                        41.50060698006
                    ],
                    [
                        4.65991939545,
                        41.50112124028
                    ],
                    [
                        4.65270961761,
                        41.49932131165
                    ],
                    [
                        4.63863338470,
                        41.49726418909
                    ],
                    [
                        4.63176692963,
                        41.49546415326
                    ],
                    [
                        4.62764705658,
                        41.49083525998
                    ],
                    [
                        4.62112392426,
                        41.48903504549
                    ],
                    [
                        4.61425746918,
                        41.48774914737
                    ],
                    [
                        4.60739101410,
                        41.48697759625
                    ],
                    [
                        4.60018123627,
                        41.48594884712
                    ],
                    [
                        4.59262813568,
                        41.48594884712
                    ],
                    [
                        4.58576168060,
                        41.48723478097
                    ],
                    [
                        4.57889522552,
                        41.48774914737
                    ],
                    [
                        4.57168544769,
                        41.48877786791
                    ],
                    [
                        4.56481899261,
                        41.48954939759
                    ],
                    [
                        4.54421962738,
                        41.48954939759
                    ],
                    [
                        4.53735317230,
                        41.48826350968
                    ],
                    [
                        4.52465023041,
                        41.48414849685
                    ],
                    [
                        4.51847042084,
                        41.48131927393
                    ],
                    [
                        4.51229061127,
                        41.47900436329
                    ],
                    [
                        4.50508083344,
                        41.47823270804
                    ],
                    [
                        4.49031795502,
                        41.47823270804
                    ],
                    [
                        4.48379482269,
                        41.47591768716
                    ],
                    [
                        4.47246517181,
                        41.46948663973
                    ],
                    [
                        4.46525539398,
                        41.46820035368
                    ],
                    [
                        4.45804561615,
                        41.46871487117
                    ],
                    [
                        4.45117916107,
                        41.47025839911
                    ],
                    [
                        4.44465602875,
                        41.47283086402
                    ],
                    [
                        4.43778957367,
                        41.47540322684
                    ],
                    [
                        4.43263973236,
                        41.47951879502
                    ],
                    [
                        4.42989315033,
                        41.48466288775
                    ],
                    [
                        4.42508663177,
                        41.48852068931
                    ],
                    [
                        4.41856349945,
                        41.49057808955
                    ],
                    [
                        4.41204036713,
                        41.48852068931
                    ],
                    [
                        4.40654720306,
                        41.48492008166
                    ],
                    [
                        4.40105403900,
                        41.48183368728
                    ],
                    [
                        4.39521755219,
                        41.47926157967
                    ],
                    [
                        4.38903774261,
                        41.47694659553
                    ],
                    [
                        4.38217128754,
                        41.47488876244
                    ],
                    [
                        4.37496150970,
                        41.47334534475
                    ],
                    [
                        4.36740840912,
                        41.47205913526
                    ],
                    [
                        4.36054195404,
                        41.47103014930
                    ],
                    [
                        4.35367549896,
                        41.47205913526
                    ],
                    [
                        4.34680904388,
                        41.47411705819
                    ],
                    [
                        4.34097255707,
                        41.47746104360
                    ],
                    [
                        4.33513607025,
                        41.48106206572
                    ],
                    [
                        4.32895626068,
                        41.48414849685
                    ],
                    [
                        4.32243312836,
                        41.48620603593
                    ],
                    [
                        4.31522335052,
                        41.48646322372
                    ],
                    [
                        4.30801357269,
                        41.48749196468
                    ],
                    [
                        4.30423702240,
                        41.48311970281
                    ],
                    [
                        4.30458034515,
                        41.47797548758
                    ],
                    [
                        4.30423702240,
                        41.47283086402
                    ],
                    [
                        4.30526699066,
                        41.46794309341
                    ],
                    [
                        4.30732692719,
                        41.46305495430
                    ],
                    [
                        4.30183376312,
                        41.45971022574
                    ],
                    [
                        4.29943050385,
                        41.45482146599
                    ],
                    [
                        4.29393733978,
                        41.45147631280
                    ],
                    [
                        4.28707088470,
                        41.45096165853
                    ],
                    [
                        4.27986110687,
                        41.44530019215
                    ],
                    [
                        4.27299465179,
                        41.44452813574
                    ],
                    [
                        4.26818813324,
                        41.44092508432
                    ],
                    [
                        4.26338161469,
                        41.43706445008
                    ],
                    [
                        4.25891841888,
                        41.43320358620
                    ],
                    [
                        4.25308193207,
                        41.43011472974
                    ],
                    [
                        4.24793209076,
                        41.42625345250
                    ],
                    [
                        4.24278224945,
                        41.42264938655
                    ],
                    [
                        4.24003566742,
                        41.41775783423
                    ],
                    [
                        4.23866237640,
                        41.41260843376
                    ],
                    [
                        4.23969234467,
                        41.40745862507
                    ],
                    [
                        4.23419918060,
                        41.40359600066
                    ],
                    [
                        4.22733272552,
                        41.40230840817
                    ],
                    [
                        4.22115291595,
                        41.40539858730
                    ],
                    [
                        4.22012294769,
                        41.41080604716
                    ],
                    [
                        4.21874965668,
                        41.41621305696
                    ],
                    [
                        4.21600307465,
                        41.42110472562
                    ],
                    [
                        4.21291316986,
                        41.42573859818
                    ],
                    [
                        4.21153987885,
                        41.43114436489
                    ],
                    [
                        4.21119655609,
                        41.43629229568
                    ],
                    [
                        4.20776332855,
                        41.44710162141
                    ],
                    [
                        4.20501674652,
                        41.45224828654
                    ],
                    [
                        4.20295681000,
                        41.45739454337
                    ],
                    [
                        4.20536006927,
                        41.46228310917
                    ],
                    [
                        4.20742000580,
                        41.46742856981
                    ],
                    [
                        4.20673336029,
                        41.47257362212
                    ],
                    [
                        4.20947994232,
                        41.47771826610
                    ],
                    [
                        4.21565975189,
                        41.48029043496
                    ],
                    [
                        4.22149623871,
                        41.48311970281
                    ],
                    [
                        4.20227016449,
                        41.49057808955
                    ],
                    [
                        4.19643367767,
                        41.49366406740
                    ],
                    [
                        4.19059719086,
                        41.49700704418
                    ],
                    [
                        4.18544734955,
                        41.50086411068
                    ],
                    [
                        4.17961086273,
                        41.50446383216
                    ],
                    [
                        4.17274440765,
                        41.50497806175
                    ],
                    [
                        4.16553462982,
                        41.50497806175
                    ],
                    [
                        4.15935482025,
                        41.50806335354
                    ],
                    [
                        4.15386165619,
                        41.51166267479
                    ],
                    [
                        4.14905513763,
                        41.51577593977
                    ],
                    [
                        4.14356197357,
                        41.51937483220
                    ],
                    [
                        4.13738216400,
                        41.52220239301
                    ],
                    [
                        4.13051570892,
                        41.52374464683
                    ],
                    [
                        4.12330593109,
                        41.52400168556
                    ],
                    [
                        4.11643947601,
                        41.52528686390
                    ],
                    [
                        4.10922969818,
                        41.52580092808
                    ],
                    [
                        4.10236324310,
                        41.52682904420
                    ],
                    [
                        4.09549678802,
                        41.52862820810
                    ],
                    [
                        4.08931697845,
                        41.53094134531
                    ],
                    [
                        4.08210720062,
                        41.53196937975
                    ],
                    [
                        4.07558406830,
                        41.52939926303
                    ],
                    [
                        4.07318080902,
                        41.52477279563
                    ],
                    [
                        4.06940425873,
                        41.52040305043
                    ],
                    [
                        4.06562770844,
                        41.51577593977
                    ],
                    [
                        4.06940425873,
                        41.51140558706
                    ],
                    [
                        4.06974758148,
                        41.50652072602
                    ],
                    [
                        4.06425441742,
                        41.50317824032
                    ],
                    [
                        4.05189479828,
                        41.49752133299
                    ],
                    [
                        4.04777492523,
                        41.49314974797
                    ],
                    [
                        4.04434169769,
                        41.48852068931
                    ],
                    [
                        4.04056514740,
                        41.48389129987
                    ],
                    [
                        4.03541530609,
                        41.48029043496
                    ],
                    [
                        4.03163875580,
                        41.47566045751
                    ],
                    [
                        4.03404201508,
                        41.47077290026
                    ],
                    [
                        4.03610195160,
                        41.46614224293
                    ],
                    [
                        4.04090847015,
                        41.46254039190
                    ],
                    [
                        4.04537166595,
                        41.45868104378
                    ],
                    [
                        4.04777492523,
                        41.45379220646
                    ],
                    [
                        4.04949153900,
                        41.44864566382
                    ],
                    [
                        4.04914821625,
                        41.44324135462
                    ],
                    [
                        4.04949153900,
                        41.43809397500
                    ],
                    [
                        4.04331172943,
                        41.43526274218
                    ],
                    [
                        4.03644527435,
                        41.43577752097
                    ],
                    [
                        4.02957881927,
                        41.43474795931
                    ],
                    [
                        4.02889217377,
                        41.42959990605
                    ],
                    [
                        4.02477230072,
                        41.42316426536
                    ],
                    [
                        4.01859249115,
                        41.41389582215
                    ],
                    [
                        4.01721920013,
                        41.40900361054
                    ],
                    [
                        4.01859249115,
                        41.40385351610
                    ],
                    [
                        4.01550258636,
                        41.39947561487
                    ],
                    [
                        4.02271236420,
                        41.39947561487
                    ],
                    [
                        4.02923549652,
                        41.40127831580
                    ],
                    [
                        4.03472866058,
                        41.40436854391
                    ],
                    [
                        4.04090847015,
                        41.40668611856
                    ],
                    [
                        4.04708827972,
                        41.40514107798
                    ],
                    [
                        4.04399837494,
                        41.40024820711
                    ],
                    [
                        4.03816188812,
                        41.39741532401
                    ],
                    [
                        4.03541530609,
                        41.39252187145
                    ],
                    [
                        4.03781856537,
                        41.38737047077
                    ],
                    [
                        4.04434169769,
                        41.38634014165
                    ],
                    [
                        4.05120815277,
                        41.38634014165
                    ],
                    [
                        4.05773128510,
                        41.38608255682
                    ],
                    [
                        4.07077754974,
                        41.38453702641
                    ],
                    [
                        4.06768764496,
                        41.37990021476
                    ],
                    [
                        4.06219448090,
                        41.37629357713
                    ],
                    [
                        4.06116451263,
                        41.37114089072
                    ],
                    [
                        4.06803096771,
                        41.36186502666
                    ],
                    [
                        4.06734432220,
                        41.35671119746
                    ],
                    [
                        4.07043422699,
                        41.35233012175
                    ],
                    [
                        4.06425441742,
                        41.34975288065
                    ],
                    [
                        4.04983486176,
                        41.34769101432
                    ],
                    [
                        4.04296840668,
                        41.34717553753
                    ],
                    [
                        4.03610195160,
                        41.34691779761
                    ],
                    [
                        4.02923549652,
                        41.34537133664
                    ],
                    [
                        4.02477230072,
                        41.34098949777
                    ],
                    [
                        4.02751888275,
                        41.33634958229
                    ],
                    [
                        4.02477230072,
                        41.33170933627
                    ],
                    [
                        4.01927913666,
                        41.32835784191
                    ],
                    [
                        4.01412929535,
                        41.32474834747
                    ],
                    [
                        4.00966609955,
                        41.32062296613
                    ],
                    [
                        4.00588954926,
                        41.31649732364
                    ],
                    [
                        4.00657619476,
                        41.31133990328
                    ],
                    [
                        4.01309932709,
                        41.31185566368
                    ],
                    [
                        4.01893581390,
                        41.31469227293
                    ],
                    [
                        4.02511562347,
                        41.31701304323
                    ],
                    [
                        4.03129543304,
                        41.31881802968
                    ],
                    [
                        4.04468502045,
                        41.32191217585
                    ],
                    [
                        4.05052150726,
                        41.31907588080
                    ],
                    [
                        4.05017818451,
                        41.31391866447
                    ],
                    [
                        4.05464138031,
                        41.31030837024
                    ],
                    [
                        4.05773128510,
                        41.30566626960
                    ],
                    [
                        4.05979122162,
                        41.29715489336
                    ],
                    [
                        4.05635799408,
                        41.29251185631
                    ],
                    [
                        4.05155147552,
                        41.28890037678
                    ],
                    [
                        4.04605831146,
                        41.28554668107
                    ],
                    [
                        4.03919185638,
                        41.28374077352
                    ],
                    [
                        4.02511562347,
                        41.28167681798
                    ],
                    [
                        4.01893581390,
                        41.27883877252
                    ],
                    [
                        4.01756252289,
                        41.27367837369
                    ],
                    [
                        4.01378597260,
                        41.26954976089
                    ],
                    [
                        4.00211299896,
                        41.26335635213
                    ],
                    [
                        3.99558986664,
                        41.26051751012
                    ],
                    [
                        3.98975337982,
                        41.25767854471
                    ],
                    [
                        3.99421657562,
                        41.25380702937
                    ],
                    [
                        3.99215663910,
                        41.24864465197
                    ],
                    [
                        3.98872341156,
                        41.24399816354
                    ],
                    [
                        3.98632015228,
                        41.23909317841
                    ],
                    [
                        3.98872341156,
                        41.23418782515
                    ],
                    [
                        3.99558986664,
                        41.23341326203
                    ],
                    [
                        4.00245632172,
                        41.23289688152
                    ],
                    [
                        4.00932277679,
                        41.23212230311
                    ],
                    [
                        4.01653255463,
                        41.23083131870
                    ],
                    [
                        4.02339900970,
                        41.22928210375
                    ],
                    [
                        4.02923549652,
                        41.22695821250
                    ],
                    [
                        4.03198207855,
                        41.22205194863
                    ],
                    [
                        4.03816188812,
                        41.21946955662
                    ],
                    [
                        4.05086483002,
                        41.21637055163
                    ],
                    [
                        4.05738796234,
                        41.21507925621
                    ],
                    [
                        4.06219448090,
                        41.21895306599
                    ],
                    [
                        4.06768764496,
                        41.22231018222
                    ],
                    [
                        4.07833065033,
                        41.22979851281
                    ],
                    [
                        4.08279384613,
                        41.23392963846
                    ],
                    [
                        4.08657039642,
                        41.23857684277
                    ],
                    [
                        4.09240688324,
                        41.24167479542
                    ],
                    [
                        4.09927333832,
                        41.24244926064
                    ],
                    [
                        4.10579647064,
                        41.24064216086
                    ],
                    [
                        4.11060298920,
                        41.23676963591
                    ],
                    [
                        4.11403621674,
                        41.23212230311
                    ],
                    [
                        4.11678279877,
                        41.22747463992
                    ],
                    [
                        4.12227596283,
                        41.22411778881
                    ],
                    [
                        4.12845577240,
                        41.22179371401
                    ],
                    [
                        4.13497890472,
                        41.21998604318
                    ],
                    [
                        4.14115871429,
                        41.21817832239
                    ],
                    [
                        4.14802516937,
                        41.21740356961
                    ],
                    [
                        4.15454830170,
                        41.21714531664
                    ],
                    [
                        4.16038478851,
                        41.21404620152
                    ],
                    [
                        4.16656459808,
                        41.20758924010
                    ],
                    [
                        4.16931118011,
                        41.20268152322
                    ],
                    [
                        4.16725124359,
                        41.19751510782
                    ],
                    [
                        4.16244472504,
                        41.19364002862
                    ],
                    [
                        4.15798152924,
                        41.18950635797
                    ],
                    [
                        4.15832485199,
                        41.18433890263
                    ],
                    [
                        4.15557826996,
                        41.17684536802
                    ],
                    [
                        4.16107143402,
                        41.17322749273
                    ],
                    [
                        4.15660823822,
                        41.16909253344
                    ],
                    [
                        4.14939846039,
                        41.16780030514
                    ],
                    [
                        4.14287532806,
                        41.16547422999
                    ],
                    [
                        4.13841213226,
                        41.16159725456
                    ],
                    [
                        4.13394893646,
                        41.15746156129
                    ],
                    [
                        4.12845577240,
                        41.15358411185
                    ],
                    [
                        4.12330593109,
                        41.14970643306
                    ],
                    [
                        4.11678279877,
                        41.14737971569
                    ],
                    [
                        4.10957302094,
                        41.14634559258
                    ],
                    [
                        4.10270656586,
                        41.14505291576
                    ],
                    [
                        4.09515346527,
                        41.14324312540
                    ],
                    [
                        4.08760036469,
                        41.14169183676
                    ],
                    [
                        4.07386745453,
                        41.13858914941
                    ],
                    [
                        4.06700099945,
                        41.13600346449
                    ],
                    [
                        4.06116451263,
                        41.13238333437
                    ],
                    [
                        4.05670131683,
                        41.12798719351
                    ],
                    [
                        4.05189479828,
                        41.12410800108
                    ],
                    [
                        4.04674495697,
                        41.12048721457
                    ],
                    [
                        4.04056514740,
                        41.11738352428
                    ],
                    [
                        4.03472866058,
                        41.11453834593
                    ],
                    [
                        4.02854885101,
                        41.11169304425
                    ],
                    [
                        4.01653255463,
                        41.10574337863
                    ],
                    [
                        4.01000942230,
                        41.10341510184
                    ],
                    [
                        4.00314296722,
                        41.10160416283
                    ],
                    [
                        3.98941005707,
                        41.09746468614
                    ],
                    [
                        3.98220027924,
                        41.09513611586
                    ],
                    [
                        3.97602046967,
                        41.09254871873
                    ],
                    [
                        3.97121395111,
                        41.08892619155
                    ],
                    [
                        3.97808040619,
                        41.08737361876
                    ],
                    [
                        3.98460353851,
                        41.08530346464
                    ],
                    [
                        3.98975337982,
                        41.08168053800
                    ],
                    [
                        3.99524654388,
                        41.07805741164
                    ],
                    [
                        4.00142635345,
                        41.07546934195
                    ],
                    [
                        4.00760616302,
                        41.07339881284
                    ],
                    [
                        4.01447261810,
                        41.07158704637
                    ],
                    [
                        4.02065242767,
                        41.06925755897
                    ],
                    [
                        4.02648891449,
                        41.06718683422
                    ],
                    [
                        4.03266872406,
                        41.06511604425
                    ],
                    [
                        4.03850521088,
                        41.06252746509
                    ],
                    [
                        4.04399837494,
                        41.05967991033
                    ],
                    [
                        4.05086483002,
                        41.05838552651
                    ],
                    [
                        4.05738796234,
                        41.05864440531
                    ],
                    [
                        4.06288112640,
                        41.06226860157
                    ],
                    [
                        4.06974758148,
                        41.06433948120
                    ],
                    [
                        4.07592739105,
                        41.06666914284
                    ],
                    [
                        4.08073390961,
                        41.07055172883
                    ],
                    [
                        4.07936061859,
                        41.07572815351
                    ],
                    [
                        4.07592739105,
                        41.08064537942
                    ],
                    [
                        4.07489742279,
                        41.08607978008
                    ],
                    [
                        4.07798732758,
                        41.09073748011
                    ],
                    [
                        4.08691371918,
                        41.10005188965
                    ],
                    [
                        4.09652675629,
                        41.10884761926
                    ],
                    [
                        4.10133327484,
                        41.11272771367
                    ],
                    [
                        4.10407985687,
                        41.11764217074
                    ],
                    [
                        4.10613979340,
                        41.12255625989
                    ],
                    [
                        4.10922969818,
                        41.12721137337
                    ],
                    [
                        4.11506618500,
                        41.13005600237
                    ],
                    [
                        4.12193264008,
                        41.12928020669
                    ],
                    [
                        4.12708248138,
                        41.12540109070
                    ],
                    [
                        4.12982906342,
                        41.12048721457
                    ],
                    [
                        4.13326229095,
                        41.11634892824
                    ],
                    [
                        4.13841213226,
                        41.11298637848
                    ],
                    [
                        4.14527858734,
                        41.11143437435
                    ],
                    [
                        4.15214504242,
                        41.11091703148
                    ],
                    [
                        4.15935482025,
                        41.11091703148
                    ],
                    [
                        4.17308773041,
                        41.11195171314
                    ],
                    [
                        4.17995418549,
                        41.11117570342
                    ],
                    [
                        4.18201412201,
                        41.10626076226
                    ],
                    [
                        4.18613399506,
                        41.10186287146
                    ],
                    [
                        4.19094051361,
                        41.09824085790
                    ],
                    [
                        4.19609035492,
                        41.09461864459
                    ],
                    [
                        4.20158351898,
                        41.09125498196
                    ],
                    [
                        4.20742000580,
                        41.08840867137
                    ],
                    [
                        4.21291316986,
                        41.08504469079
                    ],
                    [
                        4.21737636566,
                        41.08142174989
                    ],
                    [
                        4.22389949799,
                        41.07961020453
                    ],
                    [
                        4.23110927582,
                        41.07986899978
                    ],
                    [
                        4.24278224945,
                        41.08607978008
                    ],
                    [
                        4.24827541351,
                        41.08944370767
                    ],
                    [
                        4.25479854584,
                        41.09151373135
                    ],
                    [
                        4.26166500092,
                        41.09125498196
                    ],
                    [
                        4.26853145599,
                        41.09151373135
                    ],
                    [
                        4.28157772064,
                        41.09410116924
                    ],
                    [
                        4.28844417572,
                        41.09565358306
                    ],
                    [
                        4.29496730804,
                        41.09746468614
                    ],
                    [
                        4.30183376312,
                        41.09772341108
                    ],
                    [
                        4.30835689545,
                        41.09694723321
                    ],
                    [
                        4.31522335052,
                        41.09694723321
                    ],
                    [
                        4.32277645111,
                        41.09720596019
                    ],
                    [
                        4.32929958344,
                        41.09720596019
                    ],
                    [
                        4.33616603851,
                        41.09694723321
                    ],
                    [
                        4.33582271576,
                        41.09177247972
                    ],
                    [
                        4.33891262054,
                        41.08737361876
                    ],
                    [
                        4.34474910736,
                        41.08504469079
                    ],
                    [
                        4.35058559418,
                        41.08297446330
                    ],
                    [
                        4.35470546722,
                        41.07883381267
                    ],
                    [
                        4.35161556244,
                        41.07391645123
                    ],
                    [
                        4.34715236664,
                        41.06977522997
                    ],
                    [
                        4.34165920258,
                        41.06615144739
                    ],
                    [
                        4.33513607025,
                        41.06356290898
                    ],
                    [
                        4.32723964691,
                        41.06149200490
                    ],
                    [
                        4.32071651459,
                        41.05916215986
                    ],
                    [
                        4.31453670502,
                        41.05657334635
                    ],
                    [
                        4.30801357269,
                        41.05502000934
                    ],
                    [
                        4.30114711761,
                        41.05398443095
                    ],
                    [
                        4.29496730804,
                        41.05113650634
                    ],
                    [
                        4.28947414398,
                        41.04751169671
                    ],
                    [
                        4.28329433441,
                        41.04544028726
                    ],
                    [
                        4.27642787933,
                        41.04362775051
                    ],
                    [
                        4.26921810150,
                        41.04233305084
                    ],
                    [
                        4.26200832367,
                        41.04155621881
                    ],
                    [
                        4.25308193207,
                        41.04000252724
                    ],
                    [
                        4.24724544525,
                        41.03637710428
                    ],
                    [
                        4.24106563568,
                        41.03430534436
                    ],
                    [
                        4.23419918060,
                        41.03249250095
                    ],
                    [
                        4.22767604828,
                        41.03067960762
                    ],
                    [
                        4.22286952972,
                        41.02679466810
                    ],
                    [
                        4.21703304291,
                        41.02420458108
                    ],
                    [
                        4.21428646088,
                        41.01954216772
                    ],
                    [
                        4.20844997406,
                        41.01591561803
                    ],
                    [
                        4.20158351898,
                        41.01384321428
                    ],
                    [
                        4.19506038666,
                        41.01177074533
                    ],
                    [
                        4.18888057709,
                        41.00943913984
                    ],
                    [
                        4.18270076752,
                        41.00658928774
                    ],
                    [
                        4.17789424896,
                        41.00244382830
                    ],
                    [
                        4.17823757172,
                        40.99726163729
                    ],
                    [
                        4.18373073578,
                        40.99389299465
                    ],
                    [
                        4.18613399506,
                        40.98922843605
                    ],
                    [
                        4.18819393158,
                        40.98430437727
                    ],
                    [
                        4.19300045013,
                        40.98067588816
                    ],
                    [
                        4.19609035492,
                        40.97601039455
                    ],
                    [
                        4.20295681000,
                        40.97601039455
                    ],
                    [
                        4.21634639740,
                        40.97808398800
                    ],
                    [
                        4.22355617523,
                        40.97886156874
                    ],
                    [
                        4.23076595306,
                        40.97886156874
                    ],
                    [
                        4.23728908539,
                        40.97834318260
                    ],
                    [
                        4.24415554047,
                        40.97756559575
                    ],
                    [
                        4.25102199554,
                        40.97652879902
                    ],
                    [
                        4.25720180511,
                        40.97419594680
                    ],
                    [
                        4.26235164642,
                        40.97082612573
                    ],
                    [
                        4.26887477875,
                        40.97004845027
                    ],
                    [
                        4.28947414398,
                        40.97004845027
                    ],
                    [
                        4.29599727631,
                        40.97108534884
                    ],
                    [
                        4.30217708588,
                        40.96927076564
                    ],
                    [
                        4.30801357269,
                        40.96667841735
                    ],
                    [
                        4.31316341400,
                        40.96019710108
                    ],
                    [
                        4.31282009125,
                        40.95501158977
                    ],
                    [
                        4.31350673676,
                        40.95008497672
                    ],
                    [
                        4.31796993256,
                        40.94619528569
                    ],
                    [
                        4.32311977386,
                        40.94230536553
                    ],
                    [
                        4.32723964691,
                        40.93815586482
                    ],
                    [
                        4.32826961517,
                        40.93322799414
                    ],
                    [
                        4.32861293793,
                        40.92804036472
                    ],
                    [
                        4.33238948822,
                        40.92363055948
                    ],
                    [
                        4.33856929779,
                        40.92077699929
                    ],
                    [
                        4.33994258881,
                        40.91558839238
                    ],
                    [
                        4.33891262054,
                        40.91065883858
                    ],
                    [
                        4.33891262054,
                        40.90546943750
                    ],
                    [
                        4.34371913910,
                        40.90131762342
                    ],
                    [
                        4.35024227142,
                        40.89950112280
                    ],
                    [
                        4.35607875824,
                        40.89586797190
                    ],
                    [
                        4.36225856781,
                        40.89327274194
                    ],
                    [
                        4.36706508636,
                        40.88963924897
                    ],
                    [
                        4.37118495941,
                        40.88548644125
                    ],
                    [
                        4.37633480072,
                        40.88237166443
                    ],
                    [
                        4.37976802826,
                        40.87795881299
                    ],
                    [
                        4.37839473724,
                        40.87276684642
                    ],
                    [
                        4.37942470551,
                        40.86757447265
                    ],
                    [
                        4.38388790131,
                        40.86316063482
                    ],
                    [
                        4.38766445160,
                        40.85874650281
                    ],
                    [
                        4.39041103363,
                        40.85407239533
                    ],
                    [
                        4.39384426117,
                        40.84939795808
                    ],
                    [
                        4.39865077972,
                        40.84550234178
                    ],
                    [
                        4.40174068451,
                        40.84082729993
                    ],
                    [
                        4.40380062103,
                        40.83563242223
                    ],
                    [
                        4.40689052582,
                        40.83095668422
                    ],
                    [
                        4.41032375336,
                        40.82654040666
                    ],
                    [
                        4.41478694916,
                        40.82264344691
                    ],
                    [
                        4.41856349945,
                        40.81822661571
                    ],
                    [
                        4.42165340424,
                        40.81380949041
                    ],
                    [
                        4.42439998627,
                        40.80887235527
                    ],
                    [
                        4.42817653656,
                        40.80367497403
                    ],
                    [
                        4.43263973236,
                        40.79977667099
                    ],
                    [
                        4.43847621918,
                        40.79743757926
                    ],
                    [
                        4.44534267426,
                        40.79821728566
                    ],
                    [
                        4.45014919281,
                        40.80211568029
                    ],
                    [
                        4.45564235687,
                        40.80575397537
                    ],
                    [
                        4.45907558441,
                        40.81069134253
                    ],
                    [
                        4.45976222992,
                        40.81588817425
                    ],
                    [
                        4.45838893890,
                        40.82134440944
                    ],
                    [
                        4.46079219818,
                        40.82628061647
                    ],
                    [
                        4.46285213470,
                        40.83173599679
                    ],
                    [
                        4.46628536224,
                        40.83641167984
                    ],
                    [
                        4.47109188080,
                        40.84082729993
                    ],
                    [
                        4.47521175385,
                        40.84550234178
                    ],
                    [
                        4.47761501312,
                        40.85095614047
                    ],
                    [
                        4.47830165863,
                        40.85692883353
                    ],
                    [
                        4.47864498138,
                        40.86212204199
                    ],
                    [
                        4.48104824066,
                        40.86731484328
                    ],
                    [
                        4.48516811371,
                        40.87172840424
                    ],
                    [
                        4.48963130951,
                        40.87614167101
                    ],
                    [
                        4.49409450531,
                        40.88029506511
                    ],
                    [
                        4.50027431488,
                        40.88315037238
                    ],
                    [
                        4.50645412445,
                        40.88548644125
                    ],
                    [
                        4.51229061127,
                        40.88834152456
                    ],
                    [
                        4.51881374359,
                        40.88989879080
                    ],
                    [
                        4.52533687592,
                        40.89223462146
                    ],
                    [
                        4.53083003998,
                        40.89534893405
                    ],
                    [
                        4.53597988129,
                        40.89872260726
                    ],
                    [
                        4.54215969086,
                        40.90157711943
                    ],
                    [
                        4.55142940521,
                        40.90962099094
                    ],
                    [
                        4.55966915131,
                        40.91506950929
                    ],
                    [
                        4.56653560638,
                        40.91584783239
                    ],
                    [
                        4.57340206146,
                        40.91740445112
                    ],
                    [
                        4.57958187103,
                        40.91999873421
                    ],
                    [
                        4.58644832611,
                        40.91896103320
                    ],
                    [
                        4.59091152191,
                        40.91481006621
                    ],
                    [
                        4.58816493988,
                        40.90443150841
                    ],
                    [
                        4.59400142670,
                        40.90209610841
                    ],
                    [
                        4.59640468597,
                        40.89716554870
                    ],
                    [
                        4.59571804047,
                        40.89197508879
                    ],
                    [
                        4.59365810394,
                        40.88159294732
                    ],
                    [
                        4.59606136322,
                        40.87666085952
                    ],
                    [
                        4.60292781830,
                        40.87588207522
                    ],
                    [
                        4.60945095062,
                        40.87873757286
                    ],
                    [
                        4.61528743744,
                        40.88159294732
                    ],
                    [
                        4.62043727875,
                        40.88548644125
                    ],
                    [
                        4.62627376556,
                        40.88834152456
                    ],
                    [
                        4.63348354340,
                        40.88834152456
                    ],
                    [
                        4.64034999847,
                        40.88860107148
                    ],
                    [
                        4.64721645355,
                        40.88989879080
                    ],
                    [
                        4.65339626312,
                        40.89223462146
                    ],
                    [
                        4.65854610443,
                        40.89612748929
                    ],
                    [
                        4.66163600922,
                        40.90079862833
                    ],
                    [
                        4.66472591400,
                        40.90572891723
                    ],
                    [
                        4.67021907806,
                        40.90910206102
                    ],
                    [
                        4.67639888763,
                        40.91117775629
                    ],
                    [
                        4.68326534271,
                        40.91169666992
                    ],
                    [
                        4.67914546967,
                        40.91610727139
                    ],
                    [
                        4.67227901459,
                        40.91714501721
                    ],
                    [
                        4.66609920502,
                        40.91973931049
                    ],
                    [
                        4.66953243256,
                        40.92414937537
                    ],
                    [
                        4.67605556488,
                        40.92544639728
                    ],
                    [
                        4.68257869720,
                        40.92622459820
                    ],
                    [
                        4.68944515228,
                        40.92648399648
                    ],
                    [
                        4.69596828461,
                        40.92752157938
                    ],
                    [
                        4.70180477142,
                        40.93063423034
                    ],
                    [
                        4.70764125824,
                        40.93348736492
                    ],
                    [
                        4.71279109955,
                        40.93737780441
                    ],
                    [
                        4.71897090912,
                        40.93945261179
                    ],
                    [
                        4.72618068695,
                        40.93945261179
                    ],
                    [
                        4.73270381927,
                        40.94023064776
                    ],
                    [
                        4.73888362885,
                        40.94204602937
                    ],
                    [
                        4.74197353363,
                        40.94697324223
                    ],
                    [
                        4.74506343842,
                        40.95164078898
                    ],
                    [
                        4.74609340668,
                        40.95682656507
                    ],
                    [
                        4.75055660248,
                        40.96123415445
                    ],
                    [
                        4.75501979828,
                        40.96538220502
                    ],
                    [
                        4.76154293060,
                        40.97264066615
                    ],
                    [
                        4.76737941742,
                        40.97497357337
                    ],
                    [
                        4.77424587250,
                        40.97575119078
                    ],
                    [
                        4.78832210541,
                        40.97626959729
                    ],
                    [
                        4.79518856049,
                        40.97730639810
                    ],
                    [
                        4.80205501556,
                        40.97886156874
                    ],
                    [
                        4.80823482513,
                        40.98145343835
                    ],
                    [
                        4.81338466644,
                        40.98534105178
                    ],
                    [
                        4.81990779877,
                        40.98741435191
                    ],
                    [
                        4.83398403168,
                        40.98741435191
                    ],
                    [
                        4.84085048676,
                        40.98767350984
                    ],
                    [
                        4.84703029633,
                        40.98948758685
                    ],
                    [
                        4.85664333344,
                        40.99726163729
                    ],
                    [
                        4.86144985199,
                        41.00088921378
                    ],
                    [
                        4.86762966156,
                        41.00348021760
                    ],
                    [
                        4.87346614838,
                        41.00607111957
                    ],
                    [
                        4.87964595795,
                        41.00866191967
                    ],
                    [
                        4.88651241302,
                        41.00840284424
                    ],
                    [
                        4.89337886810,
                        41.00736653235
                    ],
                    [
                        4.89818538666,
                        41.00348021760
                    ],
                    [
                        4.91191829681,
                        41.00088921378
                    ],
                    [
                        4.91741146088,
                        40.99752075652
                    ],
                    [
                        4.92462123871,
                        40.99622515020
                    ],
                    [
                        4.93114437103,
                        40.99467038900
                    ],
                    [
                        4.93732418060,
                        40.99285645459
                    ],
                    [
                        4.94384731293,
                        40.99104247027
                    ],
                    [
                        4.94693721771,
                        40.98637770999
                    ],
                    [
                        4.95140041351,
                        40.98223097937
                    ],
                    [
                        4.95723690033,
                        40.97912076029
                    ],
                    [
                        4.96410335541,
                        40.97782479239
                    ],
                    [
                        4.96856655121,
                        40.97782479239
                    ],
                    [
                        4.96650661469,
                        40.97264066615
                    ],
                    [
                        4.95998348236,
                        40.97056690159
                    ],
                    [
                        4.95380367279,
                        40.96849307185
                    ],
                    [
                        4.94728054047,
                        40.96564144952
                    ],
                    [
                        4.94178737640,
                        40.96201193379
                    ],
                    [
                        4.93595088959,
                        40.95890076144
                    ],
                    [
                        4.93217433929,
                        40.95449301624
                    ],
                    [
                        4.92977108002,
                        40.94956636449
                    ],
                    [
                        4.93045772552,
                        40.94438001813
                    ],
                    [
                        4.93148769379,
                        40.93945261179
                    ],
                    [
                        4.93183101654,
                        40.93452483785
                    ],
                    [
                        4.93389095306,
                        40.92933731026
                    ],
                    [
                        4.93114437103,
                        40.92440878179
                    ],
                    [
                        4.93251766205,
                        40.91922045998
                    ],
                    [
                        4.93423427582,
                        40.91403173089
                    ],
                    [
                        4.93080104828,
                        40.90936152649
                    ],
                    [
                        4.92427791595,
                        40.90702630058
                    ],
                    [
                        4.91741146088,
                        40.90624787362
                    ],
                    [
                        4.91054500580,
                        40.90624787362
                    ],
                    [
                        4.90367855072,
                        40.90572891723
                    ],
                    [
                        4.89646877289,
                        40.90469099221
                    ],
                    [
                        4.89028896332,
                        40.90235560137
                    ],
                    [
                        4.87895931244,
                        40.89586797190
                    ],
                    [
                        4.87415279388,
                        40.89197508879
                    ],
                    [
                        4.87380947113,
                        40.88678422166
                    ],
                    [
                        4.87689937592,
                        40.88211209308
                    ],
                    [
                        4.88239253998,
                        40.87873757286
                    ],
                    [
                        4.88925899506,
                        40.87743963466
                    ],
                    [
                        4.89681209564,
                        40.87640126577
                    ],
                    [
                        4.91123165131,
                        40.87640126577
                    ],
                    [
                        4.91775478363,
                        40.87458408104
                    ],
                    [
                        4.92359127045,
                        40.87172840424
                    ],
                    [
                        4.92633785248,
                        40.86679558147
                    ],
                    [
                        4.92908443451,
                        40.86212204199
                    ],
                    [
                        4.93183101654,
                        40.85770784076
                    ],
                    [
                        4.93526424408,
                        40.85303366000
                    ],
                    [
                        4.93835414886,
                        40.84835914946
                    ],
                    [
                        4.94247402191,
                        40.84420375212
                    ],
                    [
                        4.94934047699,
                        40.84290513702
                    ],
                    [
                        4.95552028656,
                        40.84134676531
                    ],
                    [
                        4.96101345062,
                        40.83848965535
                    ],
                    [
                        4.96410335541,
                        40.84316486208
                    ],
                    [
                        4.96650661469,
                        40.84835914946
                    ],
                    [
                        4.96890987396,
                        40.85329334536
                    ],
                    [
                        4.97199977875,
                        40.85822717382
                    ],
                    [
                        4.97440303802,
                        40.86342028048
                    ],
                    [
                        4.97714962006,
                        40.86835335468
                    ],
                    [
                        4.98264278412,
                        40.87120917704
                    ],
                    [
                        4.98641933441,
                        40.87562247842
                    ],
                    [
                        4.99053920746,
                        40.88003548561
                    ],
                    [
                        4.99500240326,
                        40.88418863539
                    ],
                    [
                        5.00049556732,
                        40.88756287769
                    ],
                    [
                        5.00633205414,
                        40.89041787141
                    ],
                    [
                        5.00976528168,
                        40.89482989213
                    ],
                    [
                        5.01182521820,
                        40.90027962917
                    ],
                    [
                        5.01251186371,
                        40.90546943750
                    ],
                    [
                        5.01697505951,
                        40.90936152649
                    ],
                    [
                        5.02418483734,
                        40.90962099094
                    ],
                    [
                        5.05302394867,
                        40.90962099094
                    ],
                    [
                        5.05989040375,
                        40.91039937820
                    ],
                    [
                        5.06710018158,
                        40.91169666992
                    ],
                    [
                        5.07362331390,
                        40.91325338639
                    ],
                    [
                        5.07808650970,
                        40.91714501721
                    ],
                    [
                        5.08392299652,
                        40.92051757861
                    ],
                    [
                        5.09010280609,
                        40.92285232801
                    ],
                    [
                        5.09731258392,
                        40.92440878179
                    ],
                    [
                        5.10383571625,
                        40.92622459820
                    ],
                    [
                        5.11516536713,
                        40.93270924953
                    ],
                    [
                        5.11997188568,
                        40.93659973484
                    ],
                    [
                        5.12512172699,
                        40.93997130346
                    ],
                    [
                        5.13095821381,
                        40.94308336789
                    ],
                    [
                        5.13645137787,
                        40.94619528569
                    ],
                    [
                        5.14263118744,
                        40.94852912780
                    ],
                    [
                        5.14846767426,
                        40.95138148948
                    ],
                    [
                        5.15396083832,
                        40.95501158977
                    ],
                    [
                        5.15293087006,
                        40.96045636595
                    ],
                    [
                        5.14675106049,
                        40.96304895866
                    ],
                    [
                        5.14022792816,
                        40.96564144952
                    ],
                    [
                        5.14022792816,
                        40.97082612573
                    ],
                    [
                        5.14297451019,
                        40.97549198600
                    ],
                    [
                        5.14331783295,
                        40.98067588816
                    ],
                    [
                        5.14091457367,
                        40.98560021786
                    ],
                    [
                        5.13610805511,
                        40.98171261971
                    ],
                    [
                        5.12992824554,
                        40.97886156874
                    ],
                    [
                        5.12340511322,
                        40.97678799973
                    ],
                    [
                        5.11653865814,
                        40.97471436553
                    ],
                    [
                        5.10967220306,
                        40.97289988214
                    ],
                    [
                        5.10246242523,
                        40.97160379202
                    ],
                    [
                        5.09559597015,
                        40.97056690159
                    ],
                    [
                        5.08872951508,
                        40.97056690159
                    ],
                    [
                        5.08186306000,
                        40.97238144915
                    ],
                    [
                        5.07533992767,
                        40.97497357337
                    ],
                    [
                        5.06881679535,
                        40.97834318260
                    ],
                    [
                        5.06298030853,
                        40.98145343835
                    ],
                    [
                        5.05611385345,
                        40.98378603391
                    ],
                    [
                        5.04924739838,
                        40.98482271656
                    ],
                    [
                        5.04238094330,
                        40.98560021786
                    ],
                    [
                        5.04169429779,
                        40.99078332558
                    ],
                    [
                        5.04512752533,
                        40.99570690054
                    ],
                    [
                        5.04890407562,
                        41.00063010779
                    ],
                    [
                        5.05233730316,
                        41.00555294733
                    ],
                    [
                        5.05336727142,
                        41.01073448641
                    ],
                    [
                        5.03894771576,
                        41.01202980752
                    ],
                    [
                        5.03173793793,
                        41.01202980752
                    ],
                    [
                        5.02452816010,
                        41.01228886868
                    ],
                    [
                        5.01766170502,
                        41.01332510315
                    ],
                    [
                        5.01148189545,
                        41.01669275263
                    ],
                    [
                        5.00598873138,
                        41.02031925953
                    ],
                    [
                        5.00049556732,
                        41.02420458108
                    ],
                    [
                        4.99534572601,
                        41.02808967341
                    ],
                    [
                        4.99088253021,
                        41.03249250095
                    ],
                    [
                        4.98401607513,
                        41.03456431792
                    ],
                    [
                        4.97680629730,
                        41.03534123247
                    ],
                    [
                        4.97028316498,
                        41.03741295978
                    ],
                    [
                        4.96444667816,
                        41.04077937761
                    ],
                    [
                        4.95929683685,
                        41.04466349191
                    ],
                    [
                        4.95414699554,
                        41.04880629450
                    ],
                    [
                        4.94934047699,
                        41.05294883627
                    ],
                    [
                        4.94556392670,
                        41.05735000110
                    ],
                    [
                        4.94350399017,
                        41.06252746509
                    ],
                    [
                        4.94316066742,
                        41.06796336364
                    ],
                    [
                        4.93732418060,
                        41.07132821851
                    ],
                    [
                        4.93114437103,
                        41.07365763254
                    ],
                    [
                        4.92427791595,
                        41.07546934195
                    ],
                    [
                        4.91706813812,
                        41.07676338953
                    ],
                    [
                        4.91088832855,
                        41.07417526890
                    ],
                    [
                        4.90642513275,
                        41.07003406394
                    ],
                    [
                        4.90093196869,
                        41.06692798904
                    ],
                    [
                        4.89543880463,
                        41.06356290898
                    ],
                    [
                        4.88960231781,
                        41.06019765673
                    ],
                    [
                        4.88307918549,
                        41.05786776584
                    ],
                    [
                        4.87655605316,
                        41.05579668243
                    ],
                    [
                        4.86934627533,
                        41.05709111720
                    ],
                    [
                        4.86316646576,
                        41.05942103561
                    ],
                    [
                        4.84943355560,
                        41.06252746509
                    ],
                    [
                        4.83226741791,
                        41.06356290898
                    ],
                    [
                        4.82540096283,
                        41.06537489657
                    ],
                    [
                        4.81922115326,
                        41.06770452152
                    ],
                    [
                        4.81235469818,
                        41.06951639498
                    ],
                    [
                        4.80651821136,
                        41.07236352383
                    ],
                    [
                        4.80411495209,
                        41.07728100143
                    ],
                    [
                        4.81029476166,
                        41.08012779402
                    ],
                    [
                        4.82437099457,
                        41.07909261098
                    ],
                    [
                        4.83089412689,
                        41.07935140827
                    ],
                    [
                        4.83741725922,
                        41.08142174989
                    ],
                    [
                        4.84222377777,
                        41.08556223747
                    ],
                    [
                        4.84600032806,
                        41.08996121970
                    ],
                    [
                        4.85046352386,
                        41.09384243004
                    ],
                    [
                        4.85664333344,
                        41.09668850522
                    ],
                    [
                        4.86144985199,
                        41.10082803082
                    ],
                    [
                        4.86728633881,
                        41.10393250382
                    ],
                    [
                        4.87380947113,
                        41.10548468528
                    ],
                    [
                        4.87998928070,
                        41.10367380334
                    ],
                    [
                        4.88685573578,
                        41.10367380334
                    ],
                    [
                        4.89234889984,
                        41.10677814181
                    ],
                    [
                        4.89818538666,
                        41.10962365649
                    ],
                    [
                        4.89612545013,
                        41.11505566025
                    ],
                    [
                        4.89303554535,
                        41.11996994305
                    ],
                    [
                        4.89131893158,
                        41.12514247481
                    ],
                    [
                        4.89172695994,
                        41.12515838780
                    ],
                    [
                        4.89259599566,
                        41.12481087118
                    ],
                    [
                        4.89497779727,
                        41.12443102533
                    ],
                    [
                        4.89629744411,
                        41.12435020678
                    ],
                    [
                        4.89678024173,
                        41.12447951642
                    ],
                    [
                        4.89708064914,
                        41.12472197129
                    ],
                    [
                        4.89719866633,
                        41.12486744378
                    ],
                    [
                        4.89681242824,
                        41.12529577759
                    ],
                    [
                        4.89742397189,
                        41.12576451704
                    ],
                    [
                        4.89840029597,
                        41.12640296711
                    ],
                    [
                        4.89970921397,
                        41.12676663842
                    ],
                    [
                        4.90050314784,
                        41.12675047529
                    ],
                    [
                        4.90090193005,
                        41.12685878695
                    ],
                    [
                        4.89760147254,
                        41.13031450011
                    ],
                    [
                        4.84631852169,
                        41.15330345483
                    ],
                    [
                        4.83713686846,
                        41.18388058872
                    ],
                    [
                        4.84104132602,
                        41.18852420796
                    ],
                    [
                        4.91059915086,
                        41.20539044300
                    ],
                    [
                        4.96572862960,
                        41.22645151649
                    ],
                    [
                        4.97025695544,
                        41.24685515730
                    ],
                    [
                        4.97551076846,
                        41.25022823849
                    ],
                    [
                        5.01179263716,
                        41.24744978305
                    ],
                    [
                        5.02500811645,
                        41.25904897404
                    ],
                    [
                        5.06764218230,
                        41.25666733529
                    ],
                    [
                        5.07680045289,
                        41.26467812428
                    ],
                    [
                        5.08264358718,
                        41.28461477077
                    ],
                    [
                        5.09933981763,
                        41.30318462114
                    ],
                    [
                        5.09987258587,
                        41.29322193225
                    ],
                    [
                        5.13677460139,
                        41.29362349909
                    ],
                    [
                        5.15587286006,
                        41.27104477162
                    ],
                    [
                        5.17596416246,
                        41.26568655050
                    ],
                    [
                        5.31416500467,
                        41.28791672160
                    ],
                    [
                        5.35604817859,
                        41.31074072265
                    ],
                    [
                        5.38025324271,
                        41.33548214075
                    ],
                    [
                        5.38446692399,
                        41.35057698621
                    ],
                    [
                        5.37320298517,
                        41.37420760150
                    ],
                    [
                        5.37797856088,
                        41.38371853745
                    ],
                    [
                        5.38446352526,
                        41.38606124173
                    ],
                    [
                        5.40594787242,
                        41.38601067739
                    ],
                    [
                        5.49047021030,
                        41.35320717830
                    ],
                    [
                        5.52601372807,
                        41.34749796170
                    ],
                    [
                        5.53988017971,
                        41.34888495369
                    ],
                    [
                        5.55190819693,
                        41.36805340230
                    ],
                    [
                        5.58686813698,
                        41.38865825497
                    ],
                    [
                        5.61482862897,
                        41.43159241131
                    ],
                    [
                        5.63525286047,
                        41.44624505160
                    ],
                    [
                        5.63600577450,
                        41.45136072361
                    ],
                    [
                        5.62409873486,
                        41.45218373059
                    ],
                    [
                        5.61954970837,
                        41.45430661312
                    ],
                    [
                        5.61276908398,
                        41.45556101105
                    ],
                    [
                        5.60920711040,
                        41.45382414591
                    ],
                    [
                        5.60500140667,
                        41.45250538392
                    ],
                    [
                        5.60349936962,
                        41.45018944432
                    ],
                    [
                        5.60324187756,
                        41.44838810080
                    ],
                    [
                        5.60500140667,
                        41.44677971610
                    ],
                    [
                        5.60461516857,
                        41.44449574133
                    ],
                    [
                        5.60345645428,
                        41.44398103169
                    ],
                    [
                        5.60199703217,
                        41.44375607013
                    ]
                ]
            }
        }
    ]
}